{"w":{"rowDimension":12,"columnDimension":4,"rowPackedCopy":[-0.6996534374601057,-0.17052425112811592,0.21814090400800054,0.5202221767720238,-0.002255421549886616,0.2815170338663933,0.4648881087665994,0.7641360882464284,0.4984116843711741,0.3516970744504514,0.4813056618124996,0.4231639747063919,0.03654866494296811,0.4493887069020102,-0.2713186859817653,0.4833192878029257,0.01800664091387315,-0.15515060914023254,0.3744906583163052,0.15973423676554763,0.44033332404106756,0.33256332730983795,0.18850121492783908,0.6763011401965809,-0.4882328267393931,-0.4326681214648944,-0.4723153406858693,0.432304361594838,0.1688230850712556,0.46412454023439725,0.3982325491296953,0.41540653752808904,0.26034430242560813,-0.07476761808132813,0.2329153072382796,0.24999317102782637,-0.754254123095956,0.46486241149603275,0.06630148730542988,0.24912001405339665,0.24131954534095174,0.2778130785934368,0.1579687502187245,0.7929445443637688,0.5684652465480697,0.16627134726290105,0.4670261182075716,0.2772896078347504],"arrayCopy":[[-0.6996534374601057,-0.17052425112811592,0.21814090400800054,0.5202221767720238],[-0.002255421549886616,0.2815170338663933,0.4648881087665994,0.7641360882464284],[0.4984116843711741,0.3516970744504514,0.4813056618124996,0.4231639747063919],[0.03654866494296811,0.4493887069020102,-0.2713186859817653,0.4833192878029257],[0.01800664091387315,-0.15515060914023254,0.3744906583163052,0.15973423676554763],[0.44033332404106756,0.33256332730983795,0.18850121492783908,0.6763011401965809],[-0.4882328267393931,-0.4326681214648944,-0.4723153406858693,0.432304361594838],[0.1688230850712556,0.46412454023439725,0.3982325491296953,0.41540653752808904],[0.26034430242560813,-0.07476761808132813,0.2329153072382796,0.24999317102782637],[-0.754254123095956,0.46486241149603275,0.06630148730542988,0.24912001405339665],[0.24131954534095174,0.2778130785934368,0.1579687502187245,0.7929445443637688],[0.5684652465480697,0.16627134726290105,0.4670261182075716,0.2772896078347504]],"columnPackedCopy":[-0.6996534374601057,-0.002255421549886616,0.4984116843711741,0.03654866494296811,0.01800664091387315,0.44033332404106756,-0.4882328267393931,0.1688230850712556,0.26034430242560813,-0.754254123095956,0.24131954534095174,0.5684652465480697,-0.17052425112811592,0.2815170338663933,0.3516970744504514,0.4493887069020102,-0.15515060914023254,0.33256332730983795,-0.4326681214648944,0.46412454023439725,-0.07476761808132813,0.46486241149603275,0.2778130785934368,0.16627134726290105,0.21814090400800054,0.4648881087665994,0.4813056618124996,-0.2713186859817653,0.3744906583163052,0.18850121492783908,-0.4723153406858693,0.3982325491296953,0.2329153072382796,0.06630148730542988,0.1579687502187245,0.4670261182075716,0.5202221767720238,0.7641360882464284,0.4231639747063919,0.4833192878029257,0.15973423676554763,0.6763011401965809,0.432304361594838,0.41540653752808904,0.24999317102782637,0.24912001405339665,0.7929445443637688,0.2772896078347504],"array":[[-0.6996534374601057,-0.17052425112811592,0.21814090400800054,0.5202221767720238],[-0.002255421549886616,0.2815170338663933,0.4648881087665994,0.7641360882464284],[0.4984116843711741,0.3516970744504514,0.4813056618124996,0.4231639747063919],[0.03654866494296811,0.4493887069020102,-0.2713186859817653,0.4833192878029257],[0.01800664091387315,-0.15515060914023254,0.3744906583163052,0.15973423676554763],[0.44033332404106756,0.33256332730983795,0.18850121492783908,0.6763011401965809],[-0.4882328267393931,-0.4326681214648944,-0.4723153406858693,0.432304361594838],[0.1688230850712556,0.46412454023439725,0.3982325491296953,0.41540653752808904],[0.26034430242560813,-0.07476761808132813,0.2329153072382796,0.24999317102782637],[-0.754254123095956,0.46486241149603275,0.06630148730542988,0.24912001405339665],[0.24131954534095174,0.2778130785934368,0.1579687502187245,0.7929445443637688],[0.5684652465480697,0.16627134726290105,0.4670261182075716,0.2772896078347504]]},"wh":{"rowDimension":4,"columnDimension":12,"rowPackedCopy":[0.09067906830910814,0.12500479839032316,0.3905785327139727,0.5849346261444063,0.37209991671761034,0.38173980813592023,0.4967102212432911,0.311121813981234,0.4439563366617552,0.09279222399662619,0.3824977648621235,0.5210781361476197,0.08295074118427977,-0.10836282470616396,-0.082110434685701,0.571428431711592,-0.06830390925692546,-0.13630159737862516,0.10977581633731981,0.20325636134061736,-0.17885698769313943,0.7508026028688625,-0.07395650689389885,-0.14111909569408576,0.6060552363607933,0.11847341834108657,0.032678561894951,-0.07600656688852114,0.5007911667513452,-0.27308688294993577,0.22375608061627178,0.16557080008169356,0.15874047288721083,0.5010564062966832,-0.1540368428582789,0.1426516673370106,0.5260919458630466,-0.28435452458197025,-0.5765919665565105,0.3011048085713698,0.0603192575169947,-0.4203537846466351,0.9947037686706057,-0.3518062715359136,-0.14509816371267403,0.3071177674324188,-0.179564832527606,-0.47166408001927335],"arrayCopy":[[0.09067906830910814,0.12500479839032316,0.3905785327139727,0.5849346261444063,0.37209991671761034,0.38173980813592023,0.4967102212432911,0.311121813981234,0.4439563366617552,0.09279222399662619,0.3824977648621235,0.5210781361476197],[0.08295074118427977,-0.10836282470616396,-0.082110434685701,0.571428431711592,-0.06830390925692546,-0.13630159737862516,0.10977581633731981,0.20325636134061736,-0.17885698769313943,0.7508026028688625,-0.07395650689389885,-0.14111909569408576],[0.6060552363607933,0.11847341834108657,0.032678561894951,-0.07600656688852114,0.5007911667513452,-0.27308688294993577,0.22375608061627178,0.16557080008169356,0.15874047288721083,0.5010564062966832,-0.1540368428582789,0.1426516673370106],[0.5260919458630466,-0.28435452458197025,-0.5765919665565105,0.3011048085713698,0.0603192575169947,-0.4203537846466351,0.9947037686706057,-0.3518062715359136,-0.14509816371267403,0.3071177674324188,-0.179564832527606,-0.47166408001927335]],"columnPackedCopy":[0.09067906830910814,0.08295074118427977,0.6060552363607933,0.5260919458630466,0.12500479839032316,-0.10836282470616396,0.11847341834108657,-0.28435452458197025,0.3905785327139727,-0.082110434685701,0.032678561894951,-0.5765919665565105,0.5849346261444063,0.571428431711592,-0.07600656688852114,0.3011048085713698,0.37209991671761034,-0.06830390925692546,0.5007911667513452,0.0603192575169947,0.38173980813592023,-0.13630159737862516,-0.27308688294993577,-0.4203537846466351,0.4967102212432911,0.10977581633731981,0.22375608061627178,0.9947037686706057,0.311121813981234,0.20325636134061736,0.16557080008169356,-0.3518062715359136,0.4439563366617552,-0.17885698769313943,0.15874047288721083,-0.14509816371267403,0.09279222399662619,0.7508026028688625,0.5010564062966832,0.3071177674324188,0.3824977648621235,-0.07395650689389885,-0.1540368428582789,-0.179564832527606,0.5210781361476197,-0.14111909569408576,0.1426516673370106,-0.47166408001927335],"array":[[0.09067906830910814,0.12500479839032316,0.3905785327139727,0.5849346261444063,0.37209991671761034,0.38173980813592023,0.4967102212432911,0.311121813981234,0.4439563366617552,0.09279222399662619,0.3824977648621235,0.5210781361476197],[0.08295074118427977,-0.10836282470616396,-0.082110434685701,0.571428431711592,-0.06830390925692546,-0.13630159737862516,0.10977581633731981,0.20325636134061736,-0.17885698769313943,0.7508026028688625,-0.07395650689389885,-0.14111909569408576],[0.6060552363607933,0.11847341834108657,0.032678561894951,-0.07600656688852114,0.5007911667513452,-0.27308688294993577,0.22375608061627178,0.16557080008169356,0.15874047288721083,0.5010564062966832,-0.1540368428582789,0.1426516673370106],[0.5260919458630466,-0.28435452458197025,-0.5765919665565105,0.3011048085713698,0.0603192575169947,-0.4203537846466351,0.9947037686706057,-0.3518062715359136,-0.14509816371267403,0.3071177674324188,-0.179564832527606,-0.47166408001927335]]}}