{"w":{"rowPackedCopy":[0.5944537253518369,0.1341445579574413,0.34244777791696834,0.3580232611679439,0.6237895032492974,0.4878542645372006,0.5214729399931528,0.693769728020987,0.26257579404155973,0.3683051913851535,0.3771392611486072,0.03168494538478739,0.75853813012012,0.051993304513215044,0.48780799743741887,0.1549208426572828,0.4700389176887283,0.4343521621363541,0.9061988620187986,0.6271271594638409,0.38178028602795844,0.5650929213314376,0.5282579307399183,0.012915538903873869,0.3289199465788172,0.10452015177708163,0.8622263497704049,0.6335722064223224,0.6591228684726949,0.8788323344309369,0.5919834806414167,0.06386066172983185,0.8989856504179273,0.08839267148886498,0.306276793883286,0.7173566425635621,0.35943415330903483,0.8801823910717017,0.7742403388153977,0.29060989073905963,0.514109654262472,0.9341252448113638,0.18764237949603213,0.5405281465730017,0.4154221068166857,0.43269844336475005,0.8615918533707837,0.8547309548624296],"rowDimension":4,"columnDimension":12,"arrayCopy":[[0.5944537253518369,0.1341445579574413,0.34244777791696834,0.3580232611679439,0.6237895032492974,0.4878542645372006,0.5214729399931528,0.693769728020987,0.26257579404155973,0.3683051913851535,0.3771392611486072,0.03168494538478739],[0.75853813012012,0.051993304513215044,0.48780799743741887,0.1549208426572828,0.4700389176887283,0.4343521621363541,0.9061988620187986,0.6271271594638409,0.38178028602795844,0.5650929213314376,0.5282579307399183,0.012915538903873869],[0.3289199465788172,0.10452015177708163,0.8622263497704049,0.6335722064223224,0.6591228684726949,0.8788323344309369,0.5919834806414167,0.06386066172983185,0.8989856504179273,0.08839267148886498,0.306276793883286,0.7173566425635621],[0.35943415330903483,0.8801823910717017,0.7742403388153977,0.29060989073905963,0.514109654262472,0.9341252448113638,0.18764237949603213,0.5405281465730017,0.4154221068166857,0.43269844336475005,0.8615918533707837,0.8547309548624296]],"columnPackedCopy":[0.5944537253518369,0.75853813012012,0.3289199465788172,0.35943415330903483,0.1341445579574413,0.051993304513215044,0.10452015177708163,0.8801823910717017,0.34244777791696834,0.48780799743741887,0.8622263497704049,0.7742403388153977,0.3580232611679439,0.1549208426572828,0.6335722064223224,0.29060989073905963,0.6237895032492974,0.4700389176887283,0.6591228684726949,0.514109654262472,0.4878542645372006,0.4343521621363541,0.8788323344309369,0.9341252448113638,0.5214729399931528,0.9061988620187986,0.5919834806414167,0.18764237949603213,0.693769728020987,0.6271271594638409,0.06386066172983185,0.5405281465730017,0.26257579404155973,0.38178028602795844,0.8989856504179273,0.4154221068166857,0.3683051913851535,0.5650929213314376,0.08839267148886498,0.43269844336475005,0.3771392611486072,0.5282579307399183,0.306276793883286,0.8615918533707837,0.03168494538478739,0.012915538903873869,0.7173566425635621,0.8547309548624296],"array":[[0.5944537253518369,0.1341445579574413,0.34244777791696834,0.3580232611679439,0.6237895032492974,0.4878542645372006,0.5214729399931528,0.693769728020987,0.26257579404155973,0.3683051913851535,0.3771392611486072,0.03168494538478739],[0.75853813012012,0.051993304513215044,0.48780799743741887,0.1549208426572828,0.4700389176887283,0.4343521621363541,0.9061988620187986,0.6271271594638409,0.38178028602795844,0.5650929213314376,0.5282579307399183,0.012915538903873869],[0.3289199465788172,0.10452015177708163,0.8622263497704049,0.6335722064223224,0.6591228684726949,0.8788323344309369,0.5919834806414167,0.06386066172983185,0.8989856504179273,0.08839267148886498,0.306276793883286,0.7173566425635621],[0.35943415330903483,0.8801823910717017,0.7742403388153977,0.29060989073905963,0.514109654262472,0.9341252448113638,0.18764237949603213,0.5405281465730017,0.4154221068166857,0.43269844336475005,0.8615918533707837,0.8547309548624296]]},"wh":{"rowPackedCopy":[0.5944537253518369,0.75853813012012,0.3289199465788172,0.35943415330903483,0.1341445579574413,0.051993304513215044,0.10452015177708163,0.8801823910717017,0.34244777791696834,0.48780799743741887,0.8622263497704049,0.7742403388153977,0.3580232611679439,0.1549208426572828,0.6335722064223224,0.29060989073905963,0.6237895032492974,0.4700389176887283,0.6591228684726949,0.514109654262472,0.4878542645372006,0.4343521621363541,0.8788323344309369,0.9341252448113638,0.5214729399931528,0.9061988620187986,0.5919834806414167,0.18764237949603213,0.693769728020987,0.6271271594638409,0.06386066172983185,0.5405281465730017,0.26257579404155973,0.38178028602795844,0.8989856504179273,0.4154221068166857,0.3683051913851535,0.5650929213314376,0.08839267148886498,0.43269844336475005,0.3771392611486072,0.5282579307399183,0.306276793883286,0.8615918533707837,0.03168494538478739,0.012915538903873869,0.7173566425635621,0.8547309548624296],"rowDimension":12,"columnDimension":4,"arrayCopy":[[0.5944537253518369,0.75853813012012,0.3289199465788172,0.35943415330903483],[0.1341445579574413,0.051993304513215044,0.10452015177708163,0.8801823910717017],[0.34244777791696834,0.48780799743741887,0.8622263497704049,0.7742403388153977],[0.3580232611679439,0.1549208426572828,0.6335722064223224,0.29060989073905963],[0.6237895032492974,0.4700389176887283,0.6591228684726949,0.514109654262472],[0.4878542645372006,0.4343521621363541,0.8788323344309369,0.9341252448113638],[0.5214729399931528,0.9061988620187986,0.5919834806414167,0.18764237949603213],[0.693769728020987,0.6271271594638409,0.06386066172983185,0.5405281465730017],[0.26257579404155973,0.38178028602795844,0.8989856504179273,0.4154221068166857],[0.3683051913851535,0.5650929213314376,0.08839267148886498,0.43269844336475005],[0.3771392611486072,0.5282579307399183,0.306276793883286,0.8615918533707837],[0.03168494538478739,0.012915538903873869,0.7173566425635621,0.8547309548624296]],"columnPackedCopy":[0.5944537253518369,0.1341445579574413,0.34244777791696834,0.3580232611679439,0.6237895032492974,0.4878542645372006,0.5214729399931528,0.693769728020987,0.26257579404155973,0.3683051913851535,0.3771392611486072,0.03168494538478739,0.75853813012012,0.051993304513215044,0.48780799743741887,0.1549208426572828,0.4700389176887283,0.4343521621363541,0.9061988620187986,0.6271271594638409,0.38178028602795844,0.5650929213314376,0.5282579307399183,0.012915538903873869,0.3289199465788172,0.10452015177708163,0.8622263497704049,0.6335722064223224,0.6591228684726949,0.8788323344309369,0.5919834806414167,0.06386066172983185,0.8989856504179273,0.08839267148886498,0.306276793883286,0.7173566425635621,0.35943415330903483,0.8801823910717017,0.7742403388153977,0.29060989073905963,0.514109654262472,0.9341252448113638,0.18764237949603213,0.5405281465730017,0.4154221068166857,0.43269844336475005,0.8615918533707837,0.8547309548624296],"array":[[0.5944537253518369,0.75853813012012,0.3289199465788172,0.35943415330903483],[0.1341445579574413,0.051993304513215044,0.10452015177708163,0.8801823910717017],[0.34244777791696834,0.48780799743741887,0.8622263497704049,0.7742403388153977],[0.3580232611679439,0.1549208426572828,0.6335722064223224,0.29060989073905963],[0.6237895032492974,0.4700389176887283,0.6591228684726949,0.514109654262472],[0.4878542645372006,0.4343521621363541,0.8788323344309369,0.9341252448113638],[0.5214729399931528,0.9061988620187986,0.5919834806414167,0.18764237949603213],[0.693769728020987,0.6271271594638409,0.06386066172983185,0.5405281465730017],[0.26257579404155973,0.38178028602795844,0.8989856504179273,0.4154221068166857],[0.3683051913851535,0.5650929213314376,0.08839267148886498,0.43269844336475005],[0.3771392611486072,0.5282579307399183,0.306276793883286,0.8615918533707837],[0.03168494538478739,0.012915538903873869,0.7173566425635621,0.8547309548624296]]}}