{"wh":{"rowDimension":12,"columnDimension":4,"columnPackedCopy":[0.46078675532418845,0.7180794305850909,0.9737169654162414,0.9708344865205852,0.3454900259380742,0.7779690764376069,0.4892106723221584,0.9577438802959993,0.4178375130616535,0.9110441199482743,0.8408807489029769,0.5297646652697214,0.4543678448038595,0.508049035004569,0.4297822315110612,0.26052208672087407,0.6349363610860179,0.288928161239156,0.44930293486717954,0.12435697210320251,0.6144886324336539,0.7668601171386328,0.2242027096536603,0.2237079638430699,0.6847932328838258,0.45341241297631263,0.635354839572802,0.9121707720571407,0.41434757080912266,0.3954232256836795,0.5970166006176506,0.9082349306878492,0.4447103907200948,0.5883183908449181,0.23412068906716976,0.9644264024389178,0.4428027948990322,0.04592345530098696,0.6189930279172564,0.4075600218326426,0.5612592166672518,0.8234322233144041,0.6700662781626511,0.39803287229222584,0.14269884455026027,0.08804485829182174,0.08957307581992058,0.06956587819030036],"arrayCopy":[[0.46078675532418845,0.4543678448038595,0.6847932328838258,0.4428027948990322],[0.7180794305850909,0.508049035004569,0.45341241297631263,0.04592345530098696],[0.9737169654162414,0.4297822315110612,0.635354839572802,0.6189930279172564],[0.9708344865205852,0.26052208672087407,0.9121707720571407,0.4075600218326426],[0.3454900259380742,0.6349363610860179,0.41434757080912266,0.5612592166672518],[0.7779690764376069,0.288928161239156,0.3954232256836795,0.8234322233144041],[0.4892106723221584,0.44930293486717954,0.5970166006176506,0.6700662781626511],[0.9577438802959993,0.12435697210320251,0.9082349306878492,0.39803287229222584],[0.4178375130616535,0.6144886324336539,0.4447103907200948,0.14269884455026027],[0.9110441199482743,0.7668601171386328,0.5883183908449181,0.08804485829182174],[0.8408807489029769,0.2242027096536603,0.23412068906716976,0.08957307581992058],[0.5297646652697214,0.2237079638430699,0.9644264024389178,0.06956587819030036]],"rowPackedCopy":[0.46078675532418845,0.4543678448038595,0.6847932328838258,0.4428027948990322,0.7180794305850909,0.508049035004569,0.45341241297631263,0.04592345530098696,0.9737169654162414,0.4297822315110612,0.635354839572802,0.6189930279172564,0.9708344865205852,0.26052208672087407,0.9121707720571407,0.4075600218326426,0.3454900259380742,0.6349363610860179,0.41434757080912266,0.5612592166672518,0.7779690764376069,0.288928161239156,0.3954232256836795,0.8234322233144041,0.4892106723221584,0.44930293486717954,0.5970166006176506,0.6700662781626511,0.9577438802959993,0.12435697210320251,0.9082349306878492,0.39803287229222584,0.4178375130616535,0.6144886324336539,0.4447103907200948,0.14269884455026027,0.9110441199482743,0.7668601171386328,0.5883183908449181,0.08804485829182174,0.8408807489029769,0.2242027096536603,0.23412068906716976,0.08957307581992058,0.5297646652697214,0.2237079638430699,0.9644264024389178,0.06956587819030036],"array":[[0.46078675532418845,0.4543678448038595,0.6847932328838258,0.4428027948990322],[0.7180794305850909,0.508049035004569,0.45341241297631263,0.04592345530098696],[0.9737169654162414,0.4297822315110612,0.635354839572802,0.6189930279172564],[0.9708344865205852,0.26052208672087407,0.9121707720571407,0.4075600218326426],[0.3454900259380742,0.6349363610860179,0.41434757080912266,0.5612592166672518],[0.7779690764376069,0.288928161239156,0.3954232256836795,0.8234322233144041],[0.4892106723221584,0.44930293486717954,0.5970166006176506,0.6700662781626511],[0.9577438802959993,0.12435697210320251,0.9082349306878492,0.39803287229222584],[0.4178375130616535,0.6144886324336539,0.4447103907200948,0.14269884455026027],[0.9110441199482743,0.7668601171386328,0.5883183908449181,0.08804485829182174],[0.8408807489029769,0.2242027096536603,0.23412068906716976,0.08957307581992058],[0.5297646652697214,0.2237079638430699,0.9644264024389178,0.06956587819030036]]},"w":{"rowDimension":4,"columnDimension":12,"columnPackedCopy":[0.46078675532418845,0.4543678448038595,0.6847932328838258,0.4428027948990322,0.7180794305850909,0.508049035004569,0.45341241297631263,0.04592345530098696,0.9737169654162414,0.4297822315110612,0.635354839572802,0.6189930279172564,0.9708344865205852,0.26052208672087407,0.9121707720571407,0.4075600218326426,0.3454900259380742,0.6349363610860179,0.41434757080912266,0.5612592166672518,0.7779690764376069,0.288928161239156,0.3954232256836795,0.8234322233144041,0.4892106723221584,0.44930293486717954,0.5970166006176506,0.6700662781626511,0.9577438802959993,0.12435697210320251,0.9082349306878492,0.39803287229222584,0.4178375130616535,0.6144886324336539,0.4447103907200948,0.14269884455026027,0.9110441199482743,0.7668601171386328,0.5883183908449181,0.08804485829182174,0.8408807489029769,0.2242027096536603,0.23412068906716976,0.08957307581992058,0.5297646652697214,0.2237079638430699,0.9644264024389178,0.06956587819030036],"arrayCopy":[[0.46078675532418845,0.7180794305850909,0.9737169654162414,0.9708344865205852,0.3454900259380742,0.7779690764376069,0.4892106723221584,0.9577438802959993,0.4178375130616535,0.9110441199482743,0.8408807489029769,0.5297646652697214],[0.4543678448038595,0.508049035004569,0.4297822315110612,0.26052208672087407,0.6349363610860179,0.288928161239156,0.44930293486717954,0.12435697210320251,0.6144886324336539,0.7668601171386328,0.2242027096536603,0.2237079638430699],[0.6847932328838258,0.45341241297631263,0.635354839572802,0.9121707720571407,0.41434757080912266,0.3954232256836795,0.5970166006176506,0.9082349306878492,0.4447103907200948,0.5883183908449181,0.23412068906716976,0.9644264024389178],[0.4428027948990322,0.04592345530098696,0.6189930279172564,0.4075600218326426,0.5612592166672518,0.8234322233144041,0.6700662781626511,0.39803287229222584,0.14269884455026027,0.08804485829182174,0.08957307581992058,0.06956587819030036]],"rowPackedCopy":[0.46078675532418845,0.7180794305850909,0.9737169654162414,0.9708344865205852,0.3454900259380742,0.7779690764376069,0.4892106723221584,0.9577438802959993,0.4178375130616535,0.9110441199482743,0.8408807489029769,0.5297646652697214,0.4543678448038595,0.508049035004569,0.4297822315110612,0.26052208672087407,0.6349363610860179,0.288928161239156,0.44930293486717954,0.12435697210320251,0.6144886324336539,0.7668601171386328,0.2242027096536603,0.2237079638430699,0.6847932328838258,0.45341241297631263,0.635354839572802,0.9121707720571407,0.41434757080912266,0.3954232256836795,0.5970166006176506,0.9082349306878492,0.4447103907200948,0.5883183908449181,0.23412068906716976,0.9644264024389178,0.4428027948990322,0.04592345530098696,0.6189930279172564,0.4075600218326426,0.5612592166672518,0.8234322233144041,0.6700662781626511,0.39803287229222584,0.14269884455026027,0.08804485829182174,0.08957307581992058,0.06956587819030036],"array":[[0.46078675532418845,0.7180794305850909,0.9737169654162414,0.9708344865205852,0.3454900259380742,0.7779690764376069,0.4892106723221584,0.9577438802959993,0.4178375130616535,0.9110441199482743,0.8408807489029769,0.5297646652697214],[0.4543678448038595,0.508049035004569,0.4297822315110612,0.26052208672087407,0.6349363610860179,0.288928161239156,0.44930293486717954,0.12435697210320251,0.6144886324336539,0.7668601171386328,0.2242027096536603,0.2237079638430699],[0.6847932328838258,0.45341241297631263,0.635354839572802,0.9121707720571407,0.41434757080912266,0.3954232256836795,0.5970166006176506,0.9082349306878492,0.4447103907200948,0.5883183908449181,0.23412068906716976,0.9644264024389178],[0.4428027948990322,0.04592345530098696,0.6189930279172564,0.4075600218326426,0.5612592166672518,0.8234322233144041,0.6700662781626511,0.39803287229222584,0.14269884455026027,0.08804485829182174,0.08957307581992058,0.06956587819030036]]}}